,0
0,https://www.tiktok.com/view/product/1729545771193239670
1,https://www.tiktok.com/view/product/1729385543460029610
2,https://www.tiktok.com/view/product/1729563489603652163
3,https://www.tiktok.com/view/product/1729567323938851458
4,https://www.tiktok.com/view/product/1729468488523679918
5,https://www.tiktok.com/view/product/1729566409750514192
6,https://www.tiktok.com/view/product/1729571679691705041
7,https://www.tiktok.com/view/product/1729559054728530386
8,https://www.tiktok.com/view/product/1729386771131172742
9,https://www.tiktok.com/view/product/1729567406686308766
10,https://www.tiktok.com/view/product/1729475038573922869
11,https://www.tiktok.com/view/product/1729386853642700011
12,https://www.tiktok.com/view/product/1729556082181507232
13,https://www.tiktok.com/view/product/1729458443865458848
14,https://www.tiktok.com/view/product/1729425080333470427
15,https://www.tiktok.com/view/product/1729444781144967258
16,https://www.tiktok.com/view/product/1729540535981280058
17,https://www.tiktok.com/view/product/1729544298634250562
18,https://www.tiktok.com/view/product/1729560367641364985
19,https://www.tiktok.com/view/product/1729524483119483362
20,https://www.tiktok.com/view/product/1729543488705760058
21,https://www.tiktok.com/view/product/1729576262811421423
22,https://www.tiktok.com/view/product/1729383628452038285
23,https://www.tiktok.com/view/product/1729415978149775810
24,https://www.tiktok.com/view/product/1729426773583890903
25,https://www.tiktok.com/view/product/1729573034606365632
26,https://www.tiktok.com/view/product/1729573621578435263
27,https://www.tiktok.com/view/product/1729476493544098297
28,https://www.tiktok.com/view/product/1729469710775585359
29,https://www.tiktok.com/view/product/1729514119562299882
30,https://www.tiktok.com/view/product/1729576208504949126
31,https://www.tiktok.com/view/product/1729563110558369966
32,https://www.tiktok.com/view/product/1729415586321631406
33,https://www.tiktok.com/view/product/1729475441559177376
34,https://www.tiktok.com/view/product/1729445480934705891
35,https://www.tiktok.com/view/product/1729435828946242252
36,https://www.tiktok.com/view/product/1729435478908767059
37,https://www.tiktok.com/view/product/1729573776980412479
38,https://www.tiktok.com/view/product/1729459060040305405
39,https://www.tiktok.com/view/product/1729430628808820928
40,https://www.tiktok.com/view/product/1729467445215005122
41,https://www.tiktok.com/view/product/1729422669823052339
42,https://www.tiktok.com/view/product/1729566250268527120
43,https://www.tiktok.com/view/product/1729415974308645314
44,https://www.tiktok.com/view/product/1729569259283581654
45,https://www.tiktok.com/view/product/1729570574152338225
46,https://www.tiktok.com/view/product/1729559940559374968
47,https://www.tiktok.com/view/product/1729382877310583968
48,https://www.tiktok.com/view/product/1729574718917150970
49,https://www.tiktok.com/view/product/1729544985761254235
50,https://www.tiktok.com/view/product/1729572513187138072
51,https://www.tiktok.com/view/product/1729555306008250818
52,https://www.tiktok.com/view/product/1729434155194747731
53,https://www.tiktok.com/view/product/1729528769741031814
54,https://www.tiktok.com/view/product/1729423837381691462
55,https://www.tiktok.com/view/product/1729566517295221226
56,https://www.tiktok.com/view/product/1729556309611219104
57,https://www.tiktok.com/view/product/1729427783837518259
58,https://www.tiktok.com/view/product/1729386097783571616
59,https://www.tiktok.com/view/product/1729546275072674244
60,https://www.tiktok.com/view/product/1729563529904753219
61,https://www.tiktok.com/view/product/1729573927743032147
62,https://www.tiktok.com/view/product/1729424024370121444
63,https://www.tiktok.com/view/product/1729385273439913387
64,https://www.tiktok.com/view/product/1729441570798733810
65,https://www.tiktok.com/view/product/1729385845543110307
66,https://www.tiktok.com/view/product/1729456011733665815
67,https://www.tiktok.com/view/product/1729562224138881805
68,https://www.tiktok.com/view/product/1729521885719399179
69,https://www.tiktok.com/view/product/1729542439284607535
70,https://www.tiktok.com/view/product/1729449289824176952
71,https://www.tiktok.com/view/product/1729570006298037186
72,https://www.tiktok.com/view/product/1729449268770998347
73,https://www.tiktok.com/view/product/1729440349901850746
74,https://www.tiktok.com/view/product/1729447281397631827
75,https://www.tiktok.com/view/product/1729564322689681898
76,https://www.tiktok.com/view/product/1729385221617583665
77,https://www.tiktok.com/view/product/1729471448626596111
78,https://www.tiktok.com/view/product/1729438454737505021
79,https://www.tiktok.com/view/product/1729567396898310845
80,https://www.tiktok.com/view/product/1729428623543274026
81,https://www.tiktok.com/view/product/1729426950607047503
82,https://www.tiktok.com/view/product/1729565700203776067
83,https://www.tiktok.com/view/product/1729575390656695234
84,https://www.tiktok.com/view/product/1729432831163206569
85,https://www.tiktok.com/view/product/1729416537554324399
86,https://www.tiktok.com/view/product/1729458687350573570
87,https://www.tiktok.com/view/product/1729424074531440707
88,https://www.tiktok.com/view/product/1729573199371340665
89,https://www.tiktok.com/view/product/1729448207766227927
90,https://www.tiktok.com/view/product/1729571326290725884
91,https://www.tiktok.com/view/product/1729557071343028377
92,https://www.tiktok.com/view/product/1729491498289301672
93,https://www.tiktok.com/view/product/1729543383028631988
94,https://www.tiktok.com/view/product/1729416490128935568
95,https://www.tiktok.com/view/product/1729539134660381062
96,https://www.tiktok.com/view/product/1729384623415789067
97,https://www.tiktok.com/view/product/1729569498319850447
98,https://www.tiktok.com/view/product/1729471693658098242
99,https://www.tiktok.com/view/product/1729556521788934303
100,https://www.tiktok.com/view/product/1729438366574087055
101,https://www.tiktok.com/view/product/1729383265402390345
102,https://www.tiktok.com/view/product/1729558510336838652
103,https://www.tiktok.com/view/product/1729438449940269697
104,https://www.tiktok.com/view/product/1729568400167438529
105,https://www.tiktok.com/view/product/1729431839139727750
106,https://www.tiktok.com/view/product/1729447168195595245
107,https://www.tiktok.com/view/product/1729435552395790356
108,https://www.tiktok.com/view/product/1729570744403003756
109,https://www.tiktok.com/view/product/1729455019439458469
110,https://www.tiktok.com/view/product/1729451684815866739
111,https://www.tiktok.com/view/product/1729416158148659590
112,https://www.tiktok.com/view/product/1729478419937986729
